Subject,Date,Size
主旨,今日 09:00,大小
SECOM,週四 17:57,27 KB
MAWF,週四 12:54,27 KB
SECOM,週四 11:35,27 KB
MAWF,週三 21:51,27 KB
MAWF,週三 19:39,27 KB
MAWF,週三 17:49,27 KB
MAWF,週三 15:14,27 KB
MAWF,週三 14:01,27 KB
MAWF,週三 11:22,27 KB
MAWF,週二 23:46,27 KB
MAWF,週三 05:31,27 KB
SECOM,週三 00:03,27 KB
SECOM,週二 19:28,27 KB
MAWF,週二 18:50,27 KB
SECOM,週二 17:32,27 KB
MAWF,週二 13:48,27 KB
SECOM,週二 12:32,27 KB
MAWF,週二 09:56,27 KB
MAWF,週一 22:27,27 KB
MAWF,週一 17:49,27 KB
MAWF,週一 17:14,27 KB
SECOM,週一 15:21,27 KB
MAWF,週一 10:38,27 KB
MAWF,週一 01:40,27 KB
MAWF,週日 20:45,27 KB
SECOM,週日 10:02,27 KB
SECOM,週日 08:51,27 KB
MAWF,週六 14:43,27 KB
MAWF,週六 10:32,27 KB
MAWF,19.04.2024 20:56,27 KB
MAWF,19.04.2024 16:42,27 KB
MAWF,19.04.2024 11:29,27 KB
MAWF,18.04.2024 21:45,27 KB
MAWF,18.04.2024 17:51,27 KB
MAWF,18.04.2024 06:03,27 KB
SECOM,18.04.2024 00:27,27 KB
SECOM,17.04.2024 22:28,27 KB
MAWF,17.04.2024 17:57,27 KB
SECOM,17.04.2024 13:08,27 KB
主旨,17.04.2024 11:33,大小
MAWF,17.04.2024 06:59,27 KB
SECOM,17.04.2024 01:54,27 KB
MAWF,16.04.2024 20:28,27 KB
MAWF,16.04.2024 11:45,27 KB
MAWF,16.04.2024 04:53,27 KB
MAWF,15.04.2024 21:21,27 KB
MAWF,15.04.2024 15:50,27 KB
MAWF,15.04.2024 07:48,27 KB
SECOM,15.04.2024 07:34,27 KB
MAWF,14.04.2024 16:02,27 KB
SECOM,14.04.2024 14:26,27 KB
MAWF,13.04.2024 21:53,27 KB
SECOM,13.04.2024 21:44,27 KB
MAWF,13.04.2024 17:36,27 KB
MAWF,13.04.2024 12:27,27 KB
SECOM,12.04.2024 20:42,27 KB
MAWF,12.04.2024 14:52,27 KB
MAWF,12.04.2024 10:40,27 KB
MAWF,12.04.2024 07:27,27 KB
MAWF,11.04.2024 14:58,27 KB
MAWF,10.04.2024 23:42,27 KB
MAWF,10.04.2024 19:03,27 KB
MAWF,10.04.2024 14:58,27 KB
MAWF,10.04.2024 13:40,27 KB
SECOM,10.04.2024 11:06,27 KB
MAWF,09.04.2024 23:50,27 KB
MAWF,09.04.2024 16:21,27 KB
MAWF,09.04.2024 07:57,27 KB
SECOM,08.04.2024 18:37,27 KB
MAWF,08.04.2024 09:22,27 KB
MAWF,08.04.2024 06:24,27 KB
MAWF,07.04.2024 15:03,29 KB
SECOM,07.04.2024 14:44,27 KB
MAWF,07.04.2024 09:54,27 KB
SECOM,06.04.2024 21:27,27 KB
MAWF,06.04.2024 13:32,27 KB
MAWF,06.04.2024 07:49,27 KB
MAWF,06.04.2024 07:30,27 KB
SECOM,06.04.2024 01:43,27 KB
主旨,05.04.2024 23:44,大小
MAWF,05.04.2024 17:53,27 KB
MAWF,05.04.2024 12:44,27 KB
MAWF,04.04.2024 18:14,27 KB
MAWF,04.04.2024 15:55,27 KB
SECOM,04.04.2024 14:29,27 KB
MAWF,04.04.2024 00:18,27 KB
MAWF,03.04.2024 16:11,27 KB
SECOM,03.04.2024 14:31,27 KB
MAWF,02.04.2024 21:57,27 KB
MAWF,02.04.2024 17:43,27 KB
MAWF,02.04.2024 12:10,27 KB
MAWF,01.04.2024 21:39,27 KB
MAWF,01.04.2024 15:44,27 KB
MAWF,01.04.2024 01:23,29 KB
MAWF,31.03.2024 19:50,27 KB
SECOM,31.03.2024 15:13,27 KB
MAWF,31.03.2024 09:49,27 KB
SECOM,30.03.2024 20:41,27 KB
MAWF,30.03.2024 20:40,27 KB
SECOM,30.03.2024 16:55,27 KB
MAWF,30.03.2024 09:49,27 KB
SECOM,30.03.2024 00:53,27 KB
MAWF,29.03.2024 08:28,27 KB
SECOM,29.03.2024 01:16,27 KB
SECOM,28.03.2024 23:36,27 KB
MAWF,28.03.2024 19:57,27 KB
MAWF,28.03.2024 19:14,27 KB
SECOM,28.03.2024 16:58,27 KB
MAWF,28.03.2024 12:16,27 KB
MAWF,27.03.2024 21:53,27 KB
MAWF,27.03.2024 19:20,27 KB
SECOM,27.03.2024 17:44,27 KB
MAWF,27.03.2024 13:49,27 KB
MAWF,27.03.2024 12:41,27 KB
SECOM,27.03.2024 06:02,27 KB
MAWF,26.03.2024 18:40,27 KB
SECOM,26.03.2024 16:20,27 KB
MAWF,26.03.2024 11:43,27 KB
MAWF,26.03.2024 06:54,27 KB
主旨,26.03.2024 01:28,大小
SECOM,25.03.2024 18:17,27 KB
MAWF,25.03.2024 14:22,29 KB
MAWF,25.03.2024 10:43,27 KB
MAWF,25.03.2024 01:49,27 KB
MAWF,24.03.2024 16:53,27 KB
SECOM,23.03.2024 23:11,27 KB
SECOM,23.03.2024 21:29,27 KB
MAWF,23.03.2024 17:46,27 KB
MAWF,23.03.2024 01:06,27 KB
MAWF,22.03.2024 13:39,27 KB
MAWF,22.03.2024 08:07,27 KB
SECOM,21.03.2024 22:46,27 KB
MAWF,21.03.2024 18:36,27 KB
MAWF,21.03.2024 06:55,27 KB
SECOM,20.03.2024 23:48,27 KB
MAWF,20.03.2024 19:25,27 KB
MAWF,20.03.2024 14:48,27 KB
MAWF,20.03.2024 10:36,27 KB
MAWF,19.03.2024 23:49,27 KB
MAWF,19.03.2024 19:30,27 KB
MAWF,19.03.2024 11:44,27 KB
MAWF,19.03.2024 00:52,27 KB
MAWF,18.03.2024 19:55,27 KB
MAWF,18.03.2024 15:47,27 KB
MAWF,18.03.2024 10:42,27 KB
MAWF,17.03.2024 22:02,27 KB
SECOM,17.03.2024 16:53,27 KB
SECOM,17.03.2024 14:37,27 KB
MAWF,17.03.2024 12:17,27 KB
SECOM,17.03.2024 10:25,27 KB
MAWF,17.03.2024 05:34,27 KB
SECOM,17.03.2024 01:18,27 KB
SECOM,16.03.2024 23:33,27 KB
MAWF,16.03.2024 19:49,27 KB
MAWF,16.03.2024 18:58,27 KB
SECOM,16.03.2024 16:36,27 KB
MAWF,16.03.2024 12:41,27 KB
MAWF,15.03.2024 19:59,27 KB
MAWF,15.03.2024 19:54,27 KB
主旨,15.03.2024 15:25,大小
MAWF,15.03.2024 11:39,27 KB
MAWF,15.03.2024 11:39,27 KB
MAWF,14.03.2024 21:57,27 KB
MAWF,14.03.2024 13:43,27 KB
MAWF,13.03.2024 21:35,27 KB
SECOM,13.03.2024 16:50,27 KB
MAWF,13.03.2024 11:56,27 KB
SECOM,13.03.2024 11:45,27 KB
MAWF,13.03.2024 06:28,27 KB
SECOM,12.03.2024 21:18,27 KB
MAWF,12.03.2024 18:41,27 KB
MAWF,12.03.2024 13:43,27 KB
MAWF,12.03.2024 00:51,27 KB
MAWF,11.03.2024 19:43,27 KB
MAWF,11.03.2024 14:15,27 KB
MAWF,11.03.2024 13:38,27 KB
SECOM,11.03.2024 11:14,27 KB
MAWF,11.03.2024 06:38,27 KB
SECOM,10.03.2024 20:08,27 KB
MAWF,10.03.2024 15:43,27 KB
MAWF,10.03.2024 11:46,27 KB
MAWF,10.03.2024 09:53,27 KB
SECOM,09.03.2024 21:43,27 KB
MAWF,09.03.2024 13:54,27 KB
SECOM,09.03.2024 13:48,27 KB
MAWF,09.03.2024 09:47,27 KB
MAWF,09.03.2024 08:15,27 KB
SECOM,09.03.2024 01:00,27 KB
MAWF,08.03.2024 21:42,27 KB
MAWF,08.03.2024 13:46,27 KB
MAWF,08.03.2024 07:47,27 KB
SECOM,08.03.2024 06:12,27 KB
MAWF,07.03.2024 23:08,27 KB
MAWF,07.03.2024 21:12,27 KB
SECOM,07.03.2024 19:31,27 KB
MAWF,07.03.2024 14:06,27 KB
MAWF,07.03.2024 01:44,27 KB
MAWF,06.03.2024 20:54,27 KB
SECOM,06.03.2024 16:32,27 KB
主旨,06.03.2024 08:29,大小
SECOM,06.03.2024 01:42,27 KB
SECOM,05.03.2024 23:30,27 KB
MAWF,05.03.2024 19:15,27 KB
MAWF,05.03.2024 14:13,27 KB
MAWF,05.03.2024 10:30,27 KB
MAWF,05.03.2024 03:56,27 KB
MAWF,04.03.2024 15:14,27 KB
SECOM,04.03.2024 13:38,27 KB
MAWF,04.03.2024 09:42,27 KB
MAWF,04.03.2024 02:55,27 KB
SECOM,03.03.2024 20:51,27 KB
SECOM,03.03.2024 16:19,27 KB
SECOM,03.03.2024 14:21,27 KB
MAWF,03.03.2024 11:46,27 KB
MAWF,03.03.2024 09:17,27 KB
SECOM,03.03.2024 01:33,27 KB
MAWF,02.03.2024 18:56,27 KB
MAWF,02.03.2024 13:53,27 KB
MAWF,02.03.2024 13:52,27 KB
SECOM,02.03.2024 08:42,27 KB
SECOM,02.03.2024 00:06,27 KB
MAWF,01.03.2024 12:00,27 KB
MAWF,29.02.2024 22:35,27 KB
MAWF,29.02.2024 17:38,27 KB
MAWF,29.02.2024 14:37,27 KB
MAWF,29.02.2024 10:15,27 KB
MAWF,28.02.2024 21:44,27 KB
MAWF,28.02.2024 21:39,27 KB
SECOM,28.02.2024 17:13,27 KB
MAWF,28.02.2024 13:34,27 KB
MAWF,28.02.2024 00:51,27 KB
MAWF,27.02.2024 19:57,27 KB
MAWF,27.02.2024 19:50,27 KB
SECOM,27.02.2024 15:40,27 KB
MAWF,27.02.2024 10:46,27 KB
MAWF,27.02.2024 00:16,27 KB
SECOM,26.02.2024 22:30,27 KB
MAWF,26.02.2024 18:24,27 KB
MAWF,26.02.2024 17:17,27 KB
主旨,26.02.2024 15:43,大小
MAWF,26.02.2024 11:15,27 KB
MAWF,26.02.2024 02:10,27 KB
SECOM,25.02.2024 21:15,27 KB
MAWF,25.02.2024 18:03,27 KB
MAWF,25.02.2024 00:54,27 KB
MAWF,24.02.2024 22:49,27 KB
SECOM,24.02.2024 20:33,27 KB
MAWF,24.02.2024 16:33,27 KB
MAWF,24.02.2024 00:25,27 KB
MAWF,23.02.2024 19:47,27 KB
MAWF,23.02.2024 15:57,27 KB
MAWF,23.02.2024 11:30,27 KB
SECOM,23.02.2024 00:04,27 KB
SECOM,22.02.2024 22:30,27 KB
MAWF,22.02.2024 18:52,27 KB
MAWF,22.02.2024 09:39,27 KB
MAWF,22.02.2024 00:17,27 KB
MAWF,21.02.2024 20:49,27 KB
MAWF,21.02.2024 12:54,27 KB
MAWF,21.02.2024 07:16,27 KB
SECOM,21.02.2024 00:22,27 KB
SECOM,20.02.2024 22:27,27 KB
MAWF,20.02.2024 19:54,27 KB
MAWF,19.02.2024 23:13,27 KB
SECOM,19.02.2024 21:28,27 KB
MAWF,19.02.2024 17:37,27 KB
MAWF,19.02.2024 16:50,27 KB
SECOM,19.02.2024 15:20,27 KB
MAWF,19.02.2024 12:50,27 KB
MAWF,19.02.2024 01:57,27 KB
MAWF,18.02.2024 16:00,27 KB
SECOM,18.02.2024 15:47,27 KB
MAWF,18.02.2024 09:55,27 KB
SECOM,18.02.2024 07:38,27 KB
MAWF,17.02.2024 13:01,27 KB
MAWF,17.02.2024 09:04,27 KB
MAWF,17.02.2024 03:16,27 KB
SECOM,16.02.2024 18:54,27 KB
MAWF,16.02.2024 17:09,27 KB
主旨,16.02.2024 13:56,大小
MAWF,16.02.2024 09:41,27 KB
MAWF,15.02.2024 23:17,27 KB
MAWF,15.02.2024 11:43,27 KB
MAWF,14.02.2024 21:24,27 KB
MAWF,14.02.2024 16:36,27 KB
MAWF,14.02.2024 12:32,27 KB
MAWF,14.02.2024 07:38,27 KB
MAWF,14.02.2024 02:37,27 KB
SECOM,14.02.2024 00:45,27 KB
MAWF,13.02.2024 19:56,27 KB
SECOM,13.02.2024 18:31,27 KB
MAWF,13.02.2024 10:47,27 KB
SECOM,13.02.2024 10:42,27 KB
MAWF,13.02.2024 01:48,27 KB
MAWF,12.02.2024 20:34,27 KB
MAWF,12.02.2024 15:44,27 KB
MAWF,12.02.2024 10:34,27 KB
MAWF,11.02.2024 19:22,27 KB
MAWF,11.02.2024 13:42,27 KB
SECOM,11.02.2024 13:00,27 KB
MAWF,11.02.2024 09:46,27 KB
MAWF,11.02.2024 07:59,27 KB
SECOM,10.02.2024 23:35,27 KB
MAWF,10.02.2024 08:29,27 KB
SECOM,09.02.2024 18:21,27 KB
MAWF,09.02.2024 13:16,27 KB
MAWF,09.02.2024 08:03,27 KB
SECOM,09.02.2024 06:06,27 KB
MAWF,09.02.2024 01:10,27 KB
SECOM,08.02.2024 23:30,27 KB
MAWF,08.02.2024 20:48,27 KB
MAWF,08.02.2024 13:54,27 KB
MAWF,08.02.2024 10:45,27 KB
MAWF,08.02.2024 08:59,27 KB
SECOM,08.02.2024 06:27,27 KB
MAWF,07.02.2024 23:59,27 KB
SECOM,07.02.2024 23:47,27 KB
MAWF,07.02.2024 19:36,27 KB
MAWF,07.02.2024 15:59,27 KB
主旨,07.02.2024 14:09,大小
SECOM,07.02.2024 14:09,27 KB
SECOM,07.02.2024 09:56,27 KB
SECOM,07.02.2024 01:50,27 KB
MAWF,06.02.2024 20:56,27 KB
MAWF,06.02.2024 20:47,27 KB
SECOM,06.02.2024 16:38,27 KB
MAWF,06.02.2024 11:44,27 KB
MAWF,06.02.2024 00:58,27 KB
MAWF,05.02.2024 16:25,27 KB
MAWF,05.02.2024 11:16,27 KB
MAWF,05.02.2024 10:32,27 KB
SECOM,05.02.2024 01:01,27 KB
MAWF,04.02.2024 22:05,27 KB
SECOM,04.02.2024 20:27,27 KB
MAWF,04.02.2024 17:43,27 KB
MAWF,04.02.2024 11:50,27 KB
MAWF,04.02.2024 08:10,27 KB
MAWF,04.02.2024 02:53,27 KB
MAWF,03.02.2024 23:02,26 KB
MAWF,03.02.2024 19:41,27 KB
MAWF,03.02.2024 15:02,27 KB
MAWF,03.02.2024 10:46,27 KB
MAWF,02.02.2024 22:54,27 KB
SECOM,02.02.2024 18:56,27 KB
MAWF,02.02.2024 16:51,27 KB
SECOM,02.02.2024 14:34,27 KB
MAWF,02.02.2024 10:33,27 KB
SECOM,01.02.2024 17:37,27 KB
MAWF,01.02.2024 12:46,27 KB
MAWF,31.01.2024 20:29,27 KB
MAWF,31.01.2024 16:53,27 KB
MAWF,31.01.2024 13:48,27 KB
MAWF,31.01.2024 10:41,27 KB
MAWF,30.01.2024 23:58,27 KB
SECOM,30.01.2024 23:49,27 KB
MAWF,30.01.2024 19:40,27 KB
MAWF,30.01.2024 14:48,27 KB
MAWF,30.01.2024 07:37,27 KB
SECOM,30.01.2024 02:04,27 KB
主旨,29.01.2024 18:39,大小
MAWF,29.01.2024 13:53,27 KB
SECOM,29.01.2024 13:47,27 KB
MAWF,29.01.2024 09:25,27 KB
MAWF,29.01.2024 04:46,27 KB
MAWF,28.01.2024 21:39,27 KB
MAWF,28.01.2024 19:01,27 KB
SECOM,28.01.2024 17:47,27 KB
MAWF,28.01.2024 14:48,27 KB
MAWF,28.01.2024 06:36,27 KB
SECOM,28.01.2024 01:45,27 KB
SECOM,27.01.2024 20:07,27 KB
SECOM,27.01.2024 18:38,27 KB
MAWF,27.01.2024 15:46,27 KB
MAWF,27.01.2024 07:50,27 KB
SECOM,27.01.2024 01:37,27 KB
SECOM,26.01.2024 21:30,27 KB
MAWF,26.01.2024 18:07,27 KB
MAWF,26.01.2024 13:46,27 KB
MAWF,25.01.2024 16:47,27 KB
MAWF,24.01.2024 18:37,27 KB
MAWF,24.01.2024 13:25,27 KB
MAWF,24.01.2024 00:21,27 KB
MAWF,23.01.2024 19:57,27 KB
MAWF,23.01.2024 18:44,27 KB
SECOM,23.01.2024 06:42,27 KB
SECOM,22.01.2024 19:51,27 KB
MAWF,22.01.2024 19:45,27 KB
SECOM,22.01.2024 06:52,27 KB
SECOM,22.01.2024 02:13,27 KB
SECOM,21.01.2024 23:27,27 KB
MAWF,21.01.2024 19:37,27 KB
MAWF,21.01.2024 14:47,27 KB
MAWF,21.01.2024 11:08,27 KB
MAWF,20.01.2024 18:58,27 KB
MAWF,20.01.2024 08:29,27 KB
SECOM,19.01.2024 22:30,27 KB
MAWF,19.01.2024 17:36,27 KB
MAWF,18.01.2024 22:54,27 KB
SECOM,18.01.2024 20:39,27 KB
主旨,18.01.2024 18:01,大小
SECOM,18.01.2024 16:33,27 KB
MAWF,18.01.2024 13:36,27 KB
MAWF,18.01.2024 11:49,27 KB
SECOM,18.01.2024 09:37,27 KB
MAWF,18.01.2024 05:59,27 KB
SECOM,18.01.2024 01:11,27 KB
SECOM,17.01.2024 22:32,27 KB
MAWF,17.01.2024 20:03,27 KB
SECOM,17.01.2024 18:38,27 KB
MAWF,17.01.2024 15:07,27 KB
MAWF,16.01.2024 21:50,27 KB
MAWF,16.01.2024 19:53,29 KB
SECOM,16.01.2024 17:36,27 KB
MAWF,16.01.2024 15:03,27 KB
SECOM,16.01.2024 13:32,27 KB
MAWF,16.01.2024 04:07,27 KB
SECOM,15.01.2024 18:12,27 KB
MAWF,15.01.2024 15:48,27 KB
MAWF,15.01.2024 05:09,27 KB
SECOM,14.01.2024 23:39,27 KB
MAWF,14.01.2024 18:45,27 KB
MAWF,14.01.2024 18:38,27 KB
SECOM,14.01.2024 14:12,27 KB
MAWF,14.01.2024 13:31,27 KB
SECOM,14.01.2024 11:31,27 KB
MAWF,14.01.2024 06:40,27 KB
SECOM,14.01.2024 04:54,27 KB
MAWF,13.01.2024 18:05,27 KB
MAWF,13.01.2024 12:23,27 KB
MAWF,12.01.2024 22:48,27 KB
SECOM,12.01.2024 20:32,27 KB
MAWF,12.01.2024 17:53,27 KB
MAWF,12.01.2024 16:03,27 KB
SECOM,12.01.2024 13:37,27 KB
MAWF,12.01.2024 09:26,27 KB
SECOM,11.01.2024 20:53,27 KB
SECOM,11.01.2024 18:32,27 KB
MAWF,11.01.2024 16:13,27 KB
SECOM,11.01.2024 14:40,27 KB
主旨,11.01.2024 11:00,大小
MAWF,11.01.2024 10:11,27 KB
SECOM,11.01.2024 05:46,27 KB
SECOM,11.01.2024 03:44,27 KB
MAWF,10.01.2024 21:37,27 KB
MAWF,10.01.2024 17:20,27 KB
SECOM,10.01.2024 14:34,27 KB
MAWF,10.01.2024 01:24,27 KB
MAWF,09.01.2024 20:27,27 KB
MAWF,09.01.2024 15:47,27 KB
MAWF,09.01.2024 10:45,27 KB
MAWF,09.01.2024 00:52,27 KB
MAWF,08.01.2024 22:00,27 KB
SECOM,08.01.2024 20:31,27 KB
MAWF,08.01.2024 16:38,27 KB
MAWF,08.01.2024 12:47,27 KB
MAWF,08.01.2024 07:50,27 KB
MAWF,08.01.2024 04:31,27 KB
MAWF,07.01.2024 17:41,27 KB
MAWF,07.01.2024 17:39,27 KB
SECOM,07.01.2024 13:18,27 KB
MAWF,07.01.2024 10:53,27 KB
MAWF,07.01.2024 01:09,27 KB
SECOM,07.01.2024 00:43,27 KB
MAWF,06.01.2024 20:13,27 KB
MAWF,06.01.2024 14:49,27 KB
SECOM,06.01.2024 12:32,27 KB
MAWF,06.01.2024 10:09,27 KB
SECOM,06.01.2024 08:32,27 KB
MAWF,06.01.2024 06:07,27 KB
MAWF,05.01.2024 22:31,27 KB
MAWF,05.01.2024 10:38,27 KB
MAWF,04.01.2024 15:32,27 KB
MAWF,04.01.2024 11:52,27 KB
MAWF,03.01.2024 22:38,27 KB
SECOM,03.01.2024 18:55,27 KB
MAWF,03.01.2024 09:35,27 KB
MAWF,03.01.2024 01:47,27 KB
MAWF,02.01.2024 17:32,27 KB
SECOM,02.01.2024 15:12,27 KB
主旨,02.01.2024 15:12,大小
MAWF,02.01.2024 10:52,27 KB
SECOM,02.01.2024 10:42,27 KB
MAWF,02.01.2024 01:14,27 KB
MAWF,01.01.2024 22:54,27 KB
SECOM,01.01.2024 21:30,27 KB
MAWF,01.01.2024 18:45,27 KB
MAWF,01.01.2024 16:44,27 KB
SECOM,01.01.2024 14:36,27 KB
MAWF,01.01.2024 12:01,27 KB
SECOM,01.01.2024 10:28,27 KB
MAWF,31.12.2023 15:37,27 KB
MAWF,31.12.2023 15:32,27 KB
SECOM,31.12.2023 11:43,27 KB
MAWF,30.12.2023 14:15,27 KB
MAWF,30.12.2023 11:44,27 KB
MAWF,30.12.2023 02:23,27 KB
MAWF,29.12.2023 20:41,27 KB
SECOM,29.12.2023 07:28,27 KB
SECOM,29.12.2023 04:36,27 KB
MAWF,28.12.2023 21:59,27 KB
MAWF,28.12.2023 14:47,27 KB
MAWF,28.12.2023 10:05,27 KB
MAWF,28.12.2023 05:06,27 KB
SECOM,28.12.2023 00:29,27 KB
MAWF,27.12.2023 14:50,27 KB
SECOM,27.12.2023 10:45,27 KB
MAWF,26.12.2023 18:59,27 KB
SECOM,26.12.2023 17:32,27 KB
MAWF,26.12.2023 14:56,27 KB
MAWF,26.12.2023 13:00,27 KB
SECOM,26.12.2023 10:34,27 KB
MAWF,26.12.2023 01:00,27 KB
SECOM,26.12.2023 00:58,27 KB
MAWF,25.12.2023 20:45,27 KB
MAWF,25.12.2023 16:41,27 KB
MAWF,25.12.2023 12:32,27 KB
MAWF,25.12.2023 04:20,27 KB
MAWF,25.12.2023 01:31,27 KB
SECOM,24.12.2023 17:21,27 KB
主旨,24.12.2023 14:35,大小
MAWF,24.12.2023 09:43,27 KB
MAWF,24.12.2023 07:40,27 KB
SECOM,24.12.2023 02:28,27 KB
SECOM,24.12.2023 00:43,27 KB
MAWF,23.12.2023 17:44,27 KB
MAWF,23.12.2023 13:26,27 KB
MAWF,23.12.2023 09:53,27 KB
SECOM,22.12.2023 15:53,27 KB
MAWF,22.12.2023 11:43,27 KB
MAWF,22.12.2023 11:41,27 KB
SECOM,21.12.2023 20:54,27 KB
SECOM,21.12.2023 14:40,27 KB
MAWF,21.12.2023 11:56,27 KB
SECOM,21.12.2023 10:30,27 KB
MAWF,21.12.2023 01:59,27 KB
SECOM,20.12.2023 19:16,27 KB
MAWF,20.12.2023 15:00,27 KB
SECOM,20.12.2023 13:35,27 KB
MAWF,20.12.2023 10:45,27 KB
MAWF,20.12.2023 08:48,27 KB
SECOM,19.12.2023 17:37,27 KB
MAWF,19.12.2023 01:59,27 KB
SECOM,18.12.2023 23:13,27 KB
MAWF,18.12.2023 20:32,27 KB
MAWF,18.12.2023 20:04,27 KB
SECOM,18.12.2023 16:13,27 KB
MAWF,17.12.2023 17:43,27 KB
SECOM,17.12.2023 10:44,27 KB
MAWF,17.12.2023 08:44,27 KB
SECOM,16.12.2023 17:35,27 KB
MAWF,16.12.2023 12:46,27 KB
SECOM,16.12.2023 11:12,27 KB
MAWF,16.12.2023 08:44,27 KB
MAWF,15.12.2023 18:32,27 KB
MAWF,15.12.2023 13:48,27 KB
SECOM,15.12.2023 09:45,27 KB
MAWF,15.12.2023 08:14,27 KB
SECOM,14.12.2023 17:36,27 KB
MAWF,14.12.2023 12:53,27 KB
主旨,14.12.2023 12:50,大小
SECOM,13.12.2023 20:38,27 KB
MAWF,13.12.2023 10:16,27 KB
MAWF,13.12.2023 01:11,27 KB
SECOM,12.12.2023 23:31,27 KB
MAWF,12.12.2023 20:44,27 KB
MAWF,12.12.2023 18:19,27 KB
SECOM,12.12.2023 15:33,27 KB
MAWF,12.12.2023 13:33,27 KB
MAWF,12.12.2023 13:02,29 KB
MAWF,12.12.2023 06:42,27 KB
SECOM,12.12.2023 04:21,27 KB
MAWF,12.12.2023 01:19,27 KB
SECOM,11.12.2023 22:30,27 KB
MAWF,11.12.2023 18:33,27 KB
MAWF,11.12.2023 14:56,27 KB
MAWF,11.12.2023 02:52,27 KB
SECOM,11.12.2023 01:05,27 KB
MAWF,09.12.2023 21:52,27 KB
MAWF,09.12.2023 17:40,27 KB
SECOM,09.12.2023 13:45,27 KB
MAWF,09.12.2023 00:03,27 KB
MAWF,08.12.2023 15:49,27 KB
MAWF,08.12.2023 15:11,27 KB
SECOM,08.12.2023 10:03,27 KB
SECOM,08.12.2023 08:30,27 KB
MAWF,07.12.2023 20:46,27 KB
SECOM,07.12.2023 16:45,27 KB
MAWF,07.12.2023 10:07,27 KB
MAWF,06.12.2023 22:39,27 KB
SECOM,06.12.2023 18:58,27 KB
MAWF,06.12.2023 12:32,27 KB
MAWF,06.12.2023 07:31,27 KB
SECOM,06.12.2023 00:48,27 KB
MAWF,05.12.2023 19:53,27 KB
MAWF,05.12.2023 19:41,27 KB
SECOM,05.12.2023 15:54,27 KB
MAWF,05.12.2023 13:44,27 KB
SECOM,05.12.2023 11:33,27 KB
MAWF,05.12.2023 04:11,27 KB
主旨,04.12.2023 21:47,大小
MAWF,04.12.2023 19:50,27 KB
SECOM,04.12.2023 18:30,27 KB
MAWF,04.12.2023 15:57,27 KB
MAWF,04.12.2023 00:52,27 KB
MAWF,03.12.2023 16:02,27 KB
SECOM,03.12.2023 13:22,37 KB
MAWF,03.12.2023 08:16,50 KB
SECOM,02.12.2023 21:53,27 KB
SECOM,02.12.2023 20:27,27 KB
MAWF,02.12.2023 17:43,27 KB
MAWF,02.12.2023 15:44,27 KB
SECOM,02.12.2023 14:26,27 KB
MAWF,02.12.2023 10:38,27 KB
MAWF,02.12.2023 05:04,27 KB
SECOM,02.12.2023 01:08,27 KB
MAWF,02.12.2023 00:46,27 KB
SECOM,01.12.2023 01:53,27 KB
SECOM,30.11.2023 23:27,27 KB
MAWF,30.11.2023 19:27,27 KB
MAWF,30.11.2023 15:46,27 KB
MAWF,30.11.2023 11:39,27 KB
MAWF,30.11.2023 04:22,27 KB
MAWF,30.11.2023 01:49,27 KB
SECOM,29.11.2023 22:00,27 KB
MAWF,29.11.2023 17:23,27 KB
MAWF,29.11.2023 13:22,27 KB
MAWF,29.11.2023 09:44,27 KB
MAWF,29.11.2023 00:49,27 KB
MAWF,28.11.2023 20:52,27 KB
MAWF,28.11.2023 16:44,27 KB
MAWF,27.11.2023 22:32,27 KB
SECOM,27.11.2023 21:52,27 KB
MAWF,27.11.2023 18:43,27 KB
MAWF,27.11.2023 16:52,27 KB
SECOM,27.11.2023 15:40,27 KB
MAWF,27.11.2023 12:43,27 KB
MAWF,27.11.2023 11:16,27 KB
SECOM,27.11.2023 01:45,27 KB
SECOM,27.11.2023 01:45,27 KB
主旨,26.11.2023 23:30,大小
MAWF,26.11.2023 20:45,27 KB
MAWF,26.11.2023 17:46,27 KB
MAWF,26.11.2023 13:41,27 KB
MAWF,26.11.2023 01:28,27 KB
MAWF,25.11.2023 17:03,27 KB
MAWF,25.11.2023 15:43,27 KB
SECOM,25.11.2023 12:42,27 KB
MAWF,24.11.2023 19:33,27 KB
MAWF,24.11.2023 14:41,27 KB
MAWF,23.11.2023 23:49,27 KB
MAWF,23.11.2023 17:44,27 KB
MAWF,23.11.2023 15:45,27 KB
SECOM,23.11.2023 13:27,27 KB
MAWF,23.11.2023 09:21,27 KB
SECOM,22.11.2023 18:54,27 KB
MAWF,22.11.2023 16:31,27 KB
SECOM,22.11.2023 15:53,27 KB
MAWF,17.11.2023 17:27,27 KB
SECOM,17.11.2023 16:29,19 KB
SECOM,17.11.2023 16:12,19 KB
MAWF,17.11.2023 15:24,19 KB
MAWF,17.11.2023 13:22,19 KB
SECOM,17.11.2023 13:15,19 KB
MAWF,17.11.2023 12:44,19 KB
MAWF,17.11.2023 12:19,33 KB
SECOM,17.11.2023 11:24,19 KB
SECOM,17.11.2023 10:29,19 KB
SECOM,17.11.2023 10:09,19 KB
MAWF,17.11.2023 09:28,19 KB
MAWF,17.11.2023 08:54,19 KB
MAWF,17.11.2023 06:18,19 KB
SECOM,17.11.2023 06:16,19 KB
MAWF,17.11.2023 05:27,19 KB
SECOM,17.11.2023 05:15,19 KB
SECOM,17.11.2023 01:35,33 KB
MAWF,17.11.2023 01:23,19 KB
SECOM,17.11.2023 00:40,19 KB
SECOM,16.11.2023 23:58,19 KB
SECOM,16.11.2023 23:10,33 KB
主旨,16.11.2023 22:26,大小
MAWF,16.11.2023 20:58,33 KB
SECOM,16.11.2023 20:10,19 KB
MAWF,16.11.2023 19:18,19 KB
MAWF,16.11.2023 18:51,19 KB
MAWF,16.11.2023 16:23,19 KB
SECOM,16.11.2023 16:11,19 KB
MAWF,16.11.2023 15:25,19 KB
SECOM,16.11.2023 15:16,19 KB
MAWF,16.11.2023 15:04,19 KB
MAWF,16.11.2023 14:44,33 KB
SECOM,16.11.2023 12:10,19 KB
MAWF,16.11.2023 11:09,19 KB
MAWF,16.11.2023 10:38,19 KB
MAWF,16.11.2023 10:21,33 KB
SECOM,16.11.2023 09:19,19 KB
SECOM,16.11.2023 08:54,19 KB
MAWF,16.11.2023 08:32,19 KB
SECOM,16.11.2023 07:45,19 KB
SECOM,16.11.2023 06:20,19 KB
MAWF,16.11.2023 03:48,19 KB
SECOM,16.11.2023 03:40,19 KB
MAWF,16.11.2023 01:22,19 KB
SECOM,16.11.2023 01:08,19 KB
SECOM,15.11.2023 23:21,19 KB
SECOM,15.11.2023 23:08,19 KB
MAWF,15.11.2023 23:05,19 KB
MAWF,15.11.2023 22:22,33 KB
SECOM,15.11.2023 21:31,19 KB
MAWF,15.11.2023 18:17,19 KB
MAWF,15.11.2023 17:58,19 KB
SECOM,15.11.2023 17:18,19 KB
MAWF,15.11.2023 16:42,19 KB
MAWF,15.11.2023 13:23,33 KB
SECOM,15.11.2023 13:15,19 KB
MAWF,15.11.2023 12:44,19 KB
MAWF,15.11.2023 12:20,33 KB
SECOM,15.11.2023 11:21,19 KB
SECOM,15.11.2023 10:52,19 KB
SECOM,15.11.2023 10:11,33 KB
主旨,15.11.2023 09:30,大小
MAWF,15.11.2023 08:01,33 KB
MAWF,15.11.2023 07:19,20 KB
SECOM,15.11.2023 06:38,19 KB
SECOM,15.11.2023 05:52,19 KB
MAWF,15.11.2023 05:23,19 KB
SECOM,15.11.2023 04:51,19 KB
SECOM,15.11.2023 01:39,19 KB
MAWF,15.11.2023 01:22,19 KB
SECOM,15.11.2023 00:48,19 KB
SECOM,14.11.2023 23:54,19 KB
SECOM,14.11.2023 23:10,19 KB
MAWF,14.11.2023 22:32,19 KB
MAWF,14.11.2023 19:49,33 KB
SECOM,14.11.2023 19:23,19 KB
MAWF,14.11.2023 18:28,19 KB
MAWF,14.11.2023 15:23,19 KB
SECOM,14.11.2023 15:09,19 KB
MAWF,14.11.2023 14:24,19 KB
SECOM,14.11.2023 14:19,19 KB
MAWF,14.11.2023 14:16,19 KB
SECOM,14.11.2023 13:25,19 KB
MAWF,14.11.2023 11:20,19 KB
SECOM,14.11.2023 11:09,19 KB
MAWF,14.11.2023 10:45,19 KB
MAWF,14.11.2023 10:20,33 KB
SECOM,14.11.2023 09:23,19 KB
SECOM,14.11.2023 08:47,19 KB
SECOM,14.11.2023 08:11,19 KB
MAWF,14.11.2023 07:12,19 KB
MAWF,14.11.2023 06:38,19 KB
MAWF,14.11.2023 04:44,19 KB
SECOM,14.11.2023 02:35,19 KB
MAWF,14.11.2023 01:24,19 KB
SECOM,14.11.2023 00:43,19 KB
SECOM,13.11.2023 23:21,19 KB
SECOM,13.11.2023 23:08,19 KB
MAWF,13.11.2023 22:18,33 KB
SECOM,13.11.2023 21:10,19 KB
MAWF,13.11.2023 20:09,19 KB
主旨,13.11.2023 19:22,大小
MAWF,13.11.2023 19:20,19 KB
SECOM,13.11.2023 18:29,19 KB
SECOM,13.11.2023 18:05,19 KB
SECOM,13.11.2023 17:15,33 KB
MAWF,13.11.2023 16:34,19 KB
MAWF,13.11.2023 14:21,33 KB
SECOM,13.11.2023 14:18,19 KB
MAWF,13.11.2023 13:24,19 KB
SECOM,13.11.2023 13:22,19 KB
MAWF,13.11.2023 12:22,33 KB
SECOM,13.11.2023 12:09,19 KB
SECOM,13.11.2023 11:14,19 KB
MAWF,13.11.2023 10:12,19 KB
MAWF,13.11.2023 09:53,19 KB
MAWF,13.11.2023 09:20,19 KB
SECOM,13.11.2023 08:25,19 KB
SECOM,13.11.2023 08:11,19 KB
SECOM,13.11.2023 06:20,19 KB
MAWF,13.11.2023 03:37,19 KB
MAWF,13.11.2023 03:28,19 KB
SECOM,13.11.2023 00:57,19 KB
SECOM,13.11.2023 00:12,19 KB
MAWF,12.11.2023 23:23,33 KB
SECOM,12.11.2023 22:20,19 KB
SECOM,12.11.2023 22:03,19 KB
MAWF,12.11.2023 21:55,19 KB
SECOM,12.11.2023 19:09,19 KB
MAWF,12.11.2023 18:57,19 KB
SECOM,12.11.2023 16:28,19 KB
MAWF,12.11.2023 13:24,19 KB
SECOM,12.11.2023 13:16,19 KB
MAWF,12.11.2023 12:21,19 KB
SECOM,12.11.2023 12:08,19 KB
MAWF,12.11.2023 11:40,19 KB
SECOM,12.11.2023 11:22,19 KB
MAWF,12.11.2023 08:08,33 KB
MAWF,12.11.2023 07:19,19 KB
SECOM,12.11.2023 07:09,19 KB
MAWF,12.11.2023 06:27,19 KB
主旨,12.11.2023 06:22,大小
SECOM,12.11.2023 06:02,19 KB
SECOM,12.11.2023 03:51,19 KB
MAWF,12.11.2023 03:34,19 KB
SECOM,12.11.2023 03:34,19 KB
SECOM,11.11.2023 23:27,19 KB
SECOM,11.11.2023 23:09,19 KB
MAWF,11.11.2023 22:10,19 KB
MAWF,11.11.2023 21:25,19 KB
MAWF,11.11.2023 18:21,19 KB
SECOM,11.11.2023 18:08,19 KB
MAWF,11.11.2023 17:23,19 KB
SECOM,11.11.2023 17:12,19 KB
MAWF,11.11.2023 16:39,19 KB
MAWF,11.11.2023 16:28,33 KB
SECOM,11.11.2023 14:18,33 KB
MAWF,11.11.2023 13:21,19 KB
SECOM,11.11.2023 13:09,19 KB
MAWF,11.11.2023 12:22,19 KB
SECOM,11.11.2023 12:13,19 KB
MAWF,11.11.2023 11:39,33 KB
SECOM,11.11.2023 10:10,19 KB
MAWF,11.11.2023 09:11,19 KB
MAWF,11.11.2023 08:12,19 KB
MAWF,11.11.2023 07:19,19 KB
SECOM,11.11.2023 06:23,19 KB
SECOM,11.11.2023 05:52,19 KB
SECOM,11.11.2023 03:32,19 KB
MAWF,11.11.2023 03:19,19 KB
SECOM,11.11.2023 03:07,19 KB
SECOM,11.11.2023 01:59,19 KB
SECOM,10.11.2023 23:25,19 KB
MAWF,10.11.2023 22:19,33 KB
SECOM,10.11.2023 21:22,19 KB
SECOM,10.11.2023 20:38,19 KB
MAWF,10.11.2023 20:19,19 KB
SECOM,10.11.2023 17:26,19 KB
MAWF,10.11.2023 17:19,19 KB
SECOM,10.11.2023 16:24,20 KB
SECOM,10.11.2023 16:15,19 KB
主旨,10.11.2023 15:40,大小
MAWF,10.11.2023 15:27,33 KB
SECOM,10.11.2023 13:17,19 KB
MAWF,10.11.2023 12:18,20 KB
SECOM,10.11.2023 12:13,19 KB
MAWF,10.11.2023 11:18,19 KB
SECOM,10.11.2023 11:14,19 KB
MAWF,10.11.2023 10:19,33 KB
SECOM,10.11.2023 09:25,19 KB
SECOM,10.11.2023 09:17,19 KB
SECOM,10.11.2023 09:10,19 KB
MAWF,10.11.2023 08:09,19 KB
MAWF,10.11.2023 08:05,19 KB
MAWF,10.11.2023 06:28,19 KB
MAWF,10.11.2023 06:22,19 KB
SECOM,10.11.2023 05:21,19 KB
SECOM,10.11.2023 04:45,19 KB
SECOM,10.11.2023 01:23,19 KB
SECOM,10.11.2023 01:15,19 KB
MAWF,10.11.2023 00:37,19 KB
SECOM,09.11.2023 23:21,19 KB
SECOM,09.11.2023 23:10,19 KB
MAWF,09.11.2023 22:50,19 KB
SECOM,09.11.2023 22:10,33 KB
MAWF,09.11.2023 21:29,19 KB
MAWF,09.11.2023 19:20,33 KB
SECOM,09.11.2023 19:14,19 KB
MAWF,09.11.2023 19:02,19 KB
MAWF,09.11.2023 18:22,19 KB
SECOM,09.11.2023 17:53,19 KB
SECOM,09.11.2023 16:32,19 KB
MAWF,09.11.2023 16:22,19 KB
SECOM,09.11.2023 15:37,33 KB
MAWF,09.11.2023 14:13,19 KB
MAWF,09.11.2023 13:23,33 KB
SECOM,09.11.2023 12:20,19 KB
SECOM,09.11.2023 11:56,19 KB
SECOM,09.11.2023 11:18,33 KB
MAWF,09.11.2023 10:31,19 KB
MAWF,09.11.2023 08:58,33 KB
主旨,09.11.2023 08:20,大小
SECOM,09.11.2023 07:39,19 KB
SECOM,09.11.2023 06:30,19 KB
MAWF,09.11.2023 06:21,19 KB
SECOM,09.11.2023 05:38,19 KB
SECOM,09.11.2023 03:51,19 KB
MAWF,09.11.2023 02:19,19 KB
SECOM,09.11.2023 01:59,20 KB
SECOM,09.11.2023 00:48,19 KB
SECOM,08.11.2023 23:09,19 KB
MAWF,08.11.2023 22:09,20 KB
MAWF,08.11.2023 22:04,19 KB
MAWF,08.11.2023 21:19,33 KB
SECOM,08.11.2023 20:23,20 KB
SECOM,08.11.2023 20:13,19 KB
SECOM,08.11.2023 18:34,20 KB
MAWF,08.11.2023 15:22,20 KB
SECOM,08.11.2023 15:18,19 KB
MAWF,08.11.2023 14:23,19 KB
SECOM,08.11.2023 14:09,19 KB
MAWF,08.11.2023 13:40,19 KB
MAWF,08.11.2023 13:38,33 KB
SECOM,08.11.2023 11:10,33 KB
MAWF,08.11.2023 10:19,19 KB
SECOM,08.11.2023 10:10,19 KB
MAWF,08.11.2023 09:22,19 KB
SECOM,08.11.2023 09:12,19 KB
MAWF,08.11.2023 08:54,19 KB
SECOM,08.11.2023 05:20,19 KB
SECOM,08.11.2023 05:17,19 KB
MAWF,08.11.2023 04:19,19 KB
SECOM,08.11.2023 03:47,19 KB
SECOM,08.11.2023 03:16,19 KB
SECOM,08.11.2023 00:47,19 KB
MAWF,07.11.2023 21:37,19 KB
SECOM,07.11.2023 21:32,19 KB
MAWF,07.11.2023 18:50,19 KB
MAWF,07.11.2023 16:20,19 KB
SECOM,07.11.2023 16:14,19 KB
MAWF,07.11.2023 15:24,19 KB
主旨,07.11.2023 15:14,大小
MAWF,07.11.2023 14:52,19 KB
MAWF,07.11.2023 14:43,33 KB
SECOM,07.11.2023 12:08,33 KB
MAWF,07.11.2023 11:19,19 KB
SECOM,07.11.2023 11:08,19 KB
MAWF,07.11.2023 10:45,19 KB
MAWF,07.11.2023 10:21,33 KB
SECOM,07.11.2023 09:23,19 KB
SECOM,07.11.2023 08:54,19 KB
SECOM,07.11.2023 08:12,33 KB
MAWF,07.11.2023 07:14,19 KB
MAWF,07.11.2023 05:19,19 KB
SECOM,07.11.2023 04:41,19 KB
SECOM,07.11.2023 03:35,19 KB
MAWF,07.11.2023 03:23,19 KB
SECOM,07.11.2023 02:34,19 KB
SECOM,06.11.2023 23:19,19 KB
SECOM,06.11.2023 23:10,19 KB
MAWF,06.11.2023 22:19,19 KB
SECOM,06.11.2023 22:11,19 KB
MAWF,06.11.2023 22:07,19 KB
MAWF,06.11.2023 21:22,33 KB
SECOM,06.11.2023 20:26,19 KB
SECOM,06.11.2023 19:11,19 KB
MAWF,06.11.2023 18:13,19 KB
MAWF,06.11.2023 17:20,19 KB
SECOM,06.11.2023 17:16,19 KB
MAWF,06.11.2023 16:45,19 KB
MAWF,06.11.2023 16:30,33 KB
SECOM,06.11.2023 15:33,19 KB
SECOM,06.11.2023 14:11,19 KB
MAWF,06.11.2023 13:11,19 KB
MAWF,06.11.2023 12:16,19 KB
MAWF,06.11.2023 11:58,19 KB
SECOM,06.11.2023 09:27,19 KB
MAWF,06.11.2023 06:59,19 KB
MAWF,06.11.2023 06:19,19 KB
SECOM,06.11.2023 05:21,19 KB
SECOM,06.11.2023 04:49,19 KB
主旨,06.11.2023 02:25,大小
MAWF,06.11.2023 00:53,19 KB
SECOM,05.11.2023 23:40,19 KB
MAWF,05.11.2023 23:20,19 KB
SECOM,05.11.2023 22:27,19 KB
SECOM,05.11.2023 21:53,19 KB
SECOM,05.11.2023 21:53,19 KB
SECOM,05.11.2023 21:10,19 KB
MAWF,05.11.2023 20:29,19 KB
MAWF,05.11.2023 17:50,33 KB
SECOM,05.11.2023 17:17,19 KB
MAWF,05.11.2023 16:30,19 KB
MAWF,05.11.2023 13:22,33 KB
SECOM,05.11.2023 13:08,19 KB
MAWF,05.11.2023 12:20,19 KB
SECOM,05.11.2023 12:08,19 KB
MAWF,05.11.2023 11:55,19 KB
SECOM,05.11.2023 11:09,19 KB
MAWF,05.11.2023 10:50,19 KB
MAWF,05.11.2023 08:23,19 KB
SECOM,05.11.2023 08:20,19 KB
MAWF,05.11.2023 07:20,19 KB
SECOM,05.11.2023 07:04,19 KB
SECOM,05.11.2023 05:08,19 KB
MAWF,05.11.2023 03:39,19 KB
SECOM,05.11.2023 00:59,19 KB
MAWF,04.11.2023 22:19,19 KB
SECOM,04.11.2023 22:09,19 KB
MAWF,04.11.2023 21:47,19 KB
MAWF,04.11.2023 21:19,33 KB
SECOM,04.11.2023 20:23,19 KB
SECOM,04.11.2023 19:49,19 KB
SECOM,04.11.2023 19:14,19 KB
MAWF,04.11.2023 18:31,19 KB
MAWF,04.11.2023 15:21,33 KB
SECOM,04.11.2023 15:08,19 KB
MAWF,04.11.2023 14:23,19 KB
SECOM,04.11.2023 14:13,19 KB
MAWF,04.11.2023 13:53,19 KB
SECOM,04.11.2023 13:51,19 KB
主旨,04.11.2023 11:09,大小
MAWF,04.11.2023 10:22,19 KB
MAWF,04.11.2023 10:19,20 KB
SECOM,04.11.2023 09:29,20 KB
SECOM,04.11.2023 08:31,19 KB
SECOM,04.11.2023 08:11,20 KB
MAWF,04.11.2023 08:05,19 KB
MAWF,04.11.2023 05:08,33 KB
MAWF,04.11.2023 04:19,19 KB
SECOM,04.11.2023 03:23,20 KB
SECOM,04.11.2023 03:00,20 KB
SECOM,04.11.2023 02:27,20 KB
MAWF,03.11.2023 23:19,19 KB
SECOM,03.11.2023 23:15,19 KB
MAWF,03.11.2023 22:25,19 KB
SECOM,03.11.2023 21:56,20 KB
SECOM,03.11.2023 20:09,20 KB
MAWF,03.11.2023 19:14,20 KB
MAWF,03.11.2023 18:22,19 KB
MAWF,03.11.2023 18:20,20 KB
SECOM,03.11.2023 17:28,19 KB
SECOM,03.11.2023 16:45,20 KB
SECOM,03.11.2023 16:19,33 KB
MAWF,03.11.2023 15:20,19 KB
MAWF,03.11.2023 14:23,19 KB
MAWF,03.11.2023 13:22,33 KB
SECOM,03.11.2023 12:21,19 KB
SECOM,03.11.2023 11:37,19 KB
SECOM,03.11.2023 11:10,19 KB
MAWF,03.11.2023 10:42,19 KB
MAWF,03.11.2023 08:57,33 KB
MAWF,03.11.2023 08:24,19 KB
SECOM,03.11.2023 07:36,19 KB
SECOM,03.11.2023 06:23,19 KB
MAWF,03.11.2023 06:21,19 KB
SECOM,03.11.2023 05:32,19 KB
SECOM,03.11.2023 01:27,19 KB
MAWF,03.11.2023 01:22,19 KB
SECOM,03.11.2023 00:50,19 KB
SECOM,03.11.2023 00:09,19 KB
主旨,02.11.2023 23:10,大小
MAWF,02.11.2023 22:26,19 KB
MAWF,02.11.2023 20:54,33 KB
MAWF,02.11.2023 20:19,19 KB
SECOM,02.11.2023 19:35,19 KB
SECOM,02.11.2023 18:22,19 KB
SECOM,02.11.2023 18:09,19 KB
MAWF,02.11.2023 17:56,19 KB
SECOM,02.11.2023 17:19,33 KB
MAWF,02.11.2023 16:33,19 KB
MAWF,02.11.2023 14:19,33 KB
SECOM,02.11.2023 14:18,19 KB
MAWF,02.11.2023 13:43,19 KB
MAWF,02.11.2023 13:23,33 KB
SECOM,02.11.2023 12:20,19 KB
SECOM,02.11.2023 11:32,19 KB
SECOM,02.11.2023 11:11,33 KB
MAWF,02.11.2023 10:52,19 KB
MAWF,02.11.2023 08:56,33 KB
MAWF,02.11.2023 08:30,19 KB
SECOM,02.11.2023 07:36,19 KB
SECOM,02.11.2023 06:23,19 KB
MAWF,02.11.2023 06:20,19 KB
SECOM,02.11.2023 05:41,19 KB
SECOM,02.11.2023 03:25,33 KB
MAWF,02.11.2023 02:19,19 KB
SECOM,02.11.2023 01:49,20 KB
SECOM,02.11.2023 01:01,20 KB
SECOM,02.11.2023 00:43,33 KB
MAWF,01.11.2023 22:08,33 KB
MAWF,01.11.2023 21:21,19 KB
SECOM,01.11.2023 21:09,19 KB
MAWF,01.11.2023 20:19,19 KB
SECOM,01.11.2023 20:16,20 KB
MAWF,01.11.2023 19:33,20 KB
SECOM,01.11.2023 18:18,20 KB
MAWF,01.11.2023 17:16,19 KB
MAWF,01.11.2023 16:45,19 KB
MAWF,01.11.2023 16:26,33 KB
SECOM,01.11.2023 15:40,20 KB
主旨,01.11.2023 13:08,大小
MAWF,01.11.2023 12:51,19 KB
SECOM,01.11.2023 12:11,20 KB
MAWF,01.11.2023 11:32,19 KB
MAWF,01.11.2023 09:01,33 KB
MAWF,01.11.2023 02:22,20 KB
SECOM,01.11.2023 08:22,20 KB
SECOM,01.11.2023 07:36,19 KB
SECOM,01.11.2023 06:34,20 KB
MAWF,01.11.2023 06:22,20 KB
SECOM,01.11.2023 05:44,20 KB
SECOM,01.11.2023 02:30,20 KB
MAWF,01.11.2023 01:22,20 KB
SECOM,01.11.2023 00:43,20 KB
SECOM,31.10.2023 23:40,20 KB
MAWF,31.10.2023 23:24,33 KB
SECOM,31.10.2023 21:50,19 KB
MAWF,31.10.2023 19:23,19 KB
MAWF,31.10.2023 19:19,20 KB
SECOM,31.10.2023 18:28,20 KB
SECOM,31.10.2023 17:43,19 KB
SECOM,31.10.2023 17:19,33 KB
MAWF,31.10.2023 16:20,19 KB
MAWF,31.10.2023 15:29,19 KB
MAWF,31.10.2023 14:20,33 KB
SECOM,31.10.2023 13:21,19 KB
SECOM,31.10.2023 12:54,19 KB
SECOM,31.10.2023 12:12,33 KB
MAWF,31.10.2023 11:29,19 KB
MAWF,31.10.2023 09:19,33 KB
SECOM,31.10.2023 09:10,19 KB
MAWF,31.10.2023 09:05,19 KB
MAWF,31.10.2023 08:21,19 KB
SECOM,31.10.2023 07:38,19 KB
SECOM,31.10.2023 06:22,19 KB
MAWF,31.10.2023 06:21,19 KB
SECOM,31.10.2023 03:47,19 KB
MAWF,31.10.2023 03:20,19 KB
SECOM,31.10.2023 02:54,19 KB
SECOM,31.10.2023 01:27,19 KB
主旨,30.10.2023 23:55,大小
MAWF,30.10.2023 21:25,19 KB
MAWF,30.10.2023 21:19,19 KB
SECOM,30.10.2023 20:26,19 KB
SECOM,30.10.2023 19:41,19 KB
SECOM,30.10.2023 19:10,33 KB
MAWF,30.10.2023 18:33,19 KB
MAWF,30.10.2023 18:33,19 KB
MAWF,30.10.2023 17:26,19 KB
MAWF,30.10.2023 16:20,33 KB
SECOM,30.10.2023 15:28,19 KB
SECOM,30.10.2023 15:07,19 KB
SECOM,30.10.2023 15:00,19 KB
MAWF,30.10.2023 12:52,19 KB
MAWF,30.10.2023 10:23,19 KB
SECOM,30.10.2023 10:22,19 KB
MAWF,30.10.2023 09:28,19 KB
SECOM,30.10.2023 09:05,19 KB
MAWF,30.10.2023 08:57,19 KB
SECOM,30.10.2023 06:25,33 KB
MAWF,30.10.2023 04:19,19 KB
SECOM,30.10.2023 03:53,19 KB
SECOM,30.10.2023 02:39,19 KB
SECOM,30.10.2023 01:24,19 KB
MAWF,29.10.2023 23:10,19 KB
MAWF,29.10.2023 22:21,19 KB
SECOM,29.10.2023 22:08,19 KB
MAWF,29.10.2023 21:20,19 KB
SECOM,29.10.2023 21:08,19 KB
MAWF,29.10.2023 20:52,19 KB
SECOM,29.10.2023 20:10,19 KB
MAWF,29.10.2023 19:30,19 KB
MAWF,29.10.2023 16:54,33 KB
SECOM,29.10.2023 16:08,19 KB
MAWF,29.10.2023 15:11,19 KB
MAWF,29.10.2023 14:52,19 KB
MAWF,29.10.2023 12:18,19 KB
SECOM,29.10.2023 12:17,19 KB
MAWF,29.10.2023 11:26,19 KB
SECOM,29.10.2023 11:08,19 KB
主旨,29.10.2023 10:54,大小
MAWF,29.10.2023 10:53,19 KB
SECOM,29.10.2023 08:09,19 KB
MAWF,29.10.2023 07:09,19 KB
MAWF,29.10.2023 06:20,19 KB
MAWF,29.10.2023 06:19,19 KB
SECOM,29.10.2023 05:22,19 KB
SECOM,29.10.2023 04:21,19 KB
SECOM,29.10.2023 02:54,19 KB
MAWF,29.10.2023 01:08,19 KB
SECOM,28.10.2023 23:32,19 KB
MAWF,28.10.2023 20:18,33 KB
SECOM,28.10.2023 20:08,19 KB
MAWF,28.10.2023 19:21,19 KB
SECOM,28.10.2023 19:12,19 KB
MAWF,28.10.2023 18:27,19 KB
SECOM,28.10.2023 18:17,19 KB
MAWF,28.10.2023 15:08,33 KB
MAWF,28.10.2023 14:19,19 KB
SECOM,28.10.2023 14:17,19 KB
MAWF,28.10.2023 13:24,19 KB
SECOM,28.10.2023 13:23,19 KB
MAWF,28.10.2023 12:27,33 KB
SECOM,28.10.2023 11:08,19 KB
MAWF,28.10.2023 10:10,19 KB
MAWF,28.10.2023 10:06,19 KB
MAWF,28.10.2023 09:20,19 KB
SECOM,28.10.2023 08:31,19 KB
SECOM,28.10.2023 07:44,19 KB
SECOM,28.10.2023 07:12,33 KB
MAWF,28.10.2023 06:16,19 KB
MAWF,28.10.2023 04:19,19 KB
SECOM,28.10.2023 03:28,19 KB
SECOM,28.10.2023 02:34,19 KB
SECOM,28.10.2023 01:42,19 KB
SECOM,28.10.2023 01:31,19 KB
MAWF,28.10.2023 01:17,19 KB
SECOM,27.10.2023 23:10,33 KB
MAWF,27.10.2023 22:14,20 KB
MAWF,27.10.2023 21:19,33 KB
主旨,27.10.2023 20:21,大小
SECOM,27.10.2023 19:50,20 KB
SECOM,27.10.2023 19:18,20 KB
MAWF,27.10.2023 18:27,19 KB
MAWF,27.10.2023 15:22,33 KB
SECOM,27.10.2023 15:09,20 KB
MAWF,27.10.2023 14:23,19 KB
SECOM,27.10.2023 14:10,19 KB
MAWF,27.10.2023 13:36,19 KB
SECOM,27.10.2023 13:31,33 KB
MAWF,27.10.2023 11:18,19 KB
MAWF,27.10.2023 10:18,19 KB
SECOM,27.10.2023 10:09,20 KB
MAWF,27.10.2023 09:21,20 KB
SECOM,27.10.2023 09:09,20 KB
MAWF,27.10.2023 08:32,20 KB
SECOM,27.10.2023 07:10,20 KB
MAWF,27.10.2023 06:11,20 KB
MAWF,27.10.2023 06:05,20 KB
MAWF,27.10.2023 05:20,33 KB
SECOM,27.10.2023 04:21,20 KB
SECOM,27.10.2023 03:48,20 KB
SECOM,27.10.2023 02:40,20 KB
MAWF,27.10.2023 00:56,19 KB
SECOM,26.10.2023 23:33,19 KB
MAWF,26.10.2023 20:19,33 KB
SECOM,26.10.2023 20:10,19 KB
MAWF,26.10.2023 19:25,19 KB
SECOM,26.10.2023 19:17,19 KB
MAWF,26.10.2023 18:49,19 KB
MAWF,26.10.2023 18:42,33 KB
SECOM,26.10.2023 16:10,33 KB
MAWF,26.10.2023 15:25,19 KB
SECOM,26.10.2023 15:22,19 KB
MAWF,26.10.2023 14:56,19 KB
MAWF,26.10.2023 14:23,33 KB
SECOM,26.10.2023 13:32,19 KB
SECOM,26.10.2023 12:21,19 KB
SECOM,26.10.2023 12:10,19 KB
MAWF,26.10.2023 11:11,19 KB
主旨,26.10.2023 10:50,大小
MAWF,26.10.2023 08:24,19 KB
SECOM,26.10.2023 08:18,19 KB
MAWF,26.10.2023 07:31,19 KB
SECOM,26.10.2023 06:20,19 KB
SECOM,26.10.2023 05:16,33 KB
MAWF,26.10.2023 03:23,19 KB
SECOM,26.10.2023 03:06,19 KB
SECOM,26.10.2023 02:31,19 KB
MAWF,26.10.2023 01:23,19 KB
SECOM,25.10.2023 23:25,33 KB
MAWF,25.10.2023 22:09,33 KB
SECOM,25.10.2023 21:13,19 KB
MAWF,25.10.2023 20:10,19 KB
MAWF,25.10.2023 19:58,19 KB
MAWF,25.10.2023 17:23,19 KB
SECOM,25.10.2023 17:11,19 KB
MAWF,25.10.2023 16:27,19 KB
SECOM,25.10.2023 16:15,19 KB
MAWF,25.10.2023 15:54,19 KB
MAWF,25.10.2023 15:49,33 KB
SECOM,25.10.2023 13:09,19 KB
MAWF,25.10.2023 12:23,19 KB
MAWF,25.10.2023 12:22,33 KB
SECOM,25.10.2023 11:24,19 KB
SECOM,25.10.2023 11:11,19 KB
SECOM,25.10.2023 09:10,19 KB
MAWF,25.10.2023 08:20,19 KB
SECOM,25.10.2023 08:10,19 KB
MAWF,25.10.2023 07:21,19 KB
SECOM,25.10.2023 07:11,19 KB
MAWF,25.10.2023 06:47,19 KB
SECOM,25.10.2023 03:34,19 KB
MAWF,25.10.2023 03:19,19 KB
SECOM,25.10.2023 02:56,19 KB
SECOM,25.10.2023 02:16,19 KB
SECOM,25.10.2023 00:42,33 KB
MAWF,24.10.2023 22:20,33 KB
SECOM,24.10.2023 22:08,19 KB
MAWF,24.10.2023 21:21,19 KB
主旨,24.10.2023 21:13,大小
MAWF,24.10.2023 20:19,19 KB
MAWF,24.10.2023 19:50,19 KB
MAWF,24.10.2023 16:51,33 KB
SECOM,24.10.2023 16:19,19 KB
MAWF,24.10.2023 15:40,19 KB
MAWF,24.10.2023 12:21,33 KB
SECOM,24.10.2023 12:08,19 KB
MAWF,24.10.2023 12:08,19 KB
MAWF,24.10.2023 11:22,19 KB
SECOM,24.10.2023 11:09,19 KB
MAWF,24.10.2023 10:31,19 KB
SECOM,24.10.2023 10:21,19 KB
MAWF,24.10.2023 07:10,33 KB
MAWF,24.10.2023 06:24,19 KB
MAWF,24.10.2023 06:19,19 KB
SECOM,24.10.2023 05:22,19 KB
SECOM,24.10.2023 04:42,19 KB
SECOM,24.10.2023 02:34,19 KB
MAWF,24.10.2023 01:23,19 KB
SECOM,24.10.2023 00:48,19 KB
SECOM,24.10.2023 00:17,19 KB
SECOM,23.10.2023 23:12,19 KB
MAWF,23.10.2023 22:13,19 KB
MAWF,23.10.2023 20:57,19 KB
SECOM,23.10.2023 20:09,19 KB
MAWF,23.10.2023 19:14,19 KB
MAWF,23.10.2023 18:46,19 KB
MAWF,23.10.2023 16:37,19 KB
SECOM,23.10.2023 16:10,19 KB
MAWF,23.10.2023 15:15,19 KB
MAWF,23.10.2023 14:40,19 KB
MAWF,23.10.2023 13:43,33 KB
SECOM,23.10.2023 12:24,19 KB
MAWF,23.10.2023 11:11,19 KB
MAWF,23.10.2023 10:41,19 KB
MAWF,23.10.2023 09:19,33 KB
SECOM,23.10.2023 08:22,19 KB
SECOM,23.10.2023 08:08,19 KB
MAWF,23.10.2023 07:58,19 KB
主旨,23.10.2023 07:10,大小
MAWF,23.10.2023 06:21,19 KB
MAWF,23.10.2023 03:33,19 KB
MAWF,23.10.2023 03:24,19 KB
SECOM,23.10.2023 01:07,19 KB
MAWF,22.10.2023 22:18,19 KB
SECOM,22.10.2023 22:08,19 KB
MAWF,22.10.2023 21:20,19 KB
SECOM,22.10.2023 21:09,19 KB
MAWF,22.10.2023 20:25,19 KB
MAWF,22.10.2023 20:25,19 KB
SECOM,22.10.2023 18:09,19 KB
MAWF,22.10.2023 17:19,19 KB
SECOM,22.10.2023 17:15,19 KB
MAWF,22.10.2023 16:25,19 KB
SECOM,22.10.2023 16:20,19 KB
MAWF,22.10.2023 15:53,33 KB
SECOM,22.10.2023 13:09,33 KB
MAWF,22.10.2023 12:08,19 KB
MAWF,22.10.2023 11:43,19 KB
MAWF,22.10.2023 11:19,33 KB
SECOM,22.10.2023 10:23,19 KB
SECOM,22.10.2023 10:16,19 KB
SECOM,22.10.2023 10:04,33 KB
MAWF,22.10.2023 07:15,19 KB
MAWF,22.10.2023 06:19,19 KB
SECOM,22.10.2023 05:19,19 KB
SECOM,22.10.2023 04:37,19 KB
SECOM,22.10.2023 03:43,19 KB
SECOM,22.10.2023 03:35,19 KB
MAWF,22.10.2023 00:51,19 KB
MAWF,22.10.2023 00:47,33 KB
SECOM,21.10.2023 23:19,19 KB
SECOM,21.10.2023 22:48,19 KB
MAWF,21.10.2023 22:20,19 KB
SECOM,21.10.2023 21:35,19 KB
SECOM,21.10.2023 20:09,19 KB
MAWF,21.10.2023 19:08,19 KB
MAWF,21.10.2023 18:21,19 KB
MAWF,21.10.2023 18:19,19 KB
主旨,21.10.2023 17:27,大小
SECOM,21.10.2023 16:58,19 KB
SECOM,21.10.2023 16:11,33 KB
MAWF,21.10.2023 15:26,19 KB
MAWF,21.10.2023 13:23,33 KB
SECOM,21.10.2023 13:12,19 KB
MAWF,21.10.2023 12:22,19 KB
SECOM,21.10.2023 12:17,19 KB
MAWF,21.10.2023 11:47,19 KB
SECOM,21.10.2023 11:09,33 KB
MAWF,21.10.2023 10:26,19 KB
MAWF,21.10.2023 08:25,33 KB
MAWF,21.10.2023 08:20,19 KB
SECOM,21.10.2023 07:23,19 KB
SECOM,21.10.2023 07:11,19 KB
MAWF,21.10.2023 06:23,19 KB
MAWF,21.10.2023 06:21,19 KB
SECOM,21.10.2023 03:53,19 KB
MAWF,21.10.2023 03:19,19 KB
SECOM,21.10.2023 02:54,19 KB
SECOM,21.10.2023 01:47,19 KB
SECOM,20.10.2023 23:42,19 KB
MAWF,20.10.2023 21:21,19 KB
SECOM,20.10.2023 21:12,19 KB
MAWF,20.10.2023 20:19,33 KB
SECOM,20.10.2023 19:20,19 KB
SECOM,20.10.2023 18:58,19 KB
SECOM,20.10.2023 18:24,33 KB
MAWF,20.10.2023 17:28,19 KB
MAWF,20.10.2023 15:22,33 KB
SECOM,20.10.2023 15:09,19 KB
MAWF,20.10.2023 14:22,19 KB
SECOM,20.10.2023 14:13,19 KB
MAWF,20.10.2023 13:55,19 KB
MAWF,20.10.2023 13:21,33 KB
SECOM,20.10.2023 13:01,19 KB
SECOM,20.10.2023 11:11,33 KB
MAWF,20.10.2023 10:19,19 KB
SECOM,20.10.2023 10:10,19 KB
MAWF,20.10.2023 09:43,19 KB
主旨,20.10.2023 09:19,大小
SECOM,20.10.2023 08:22,19 KB
SECOM,20.10.2023 07:32,19 KB
SECOM,20.10.2023 07:09,19 KB
MAWF,20.10.2023 06:18,19 KB
MAWF,20.10.2023 03:51,19 KB
MAWF,20.10.2023 03:32,19 KB
SECOM,20.10.2023 02:38,19 KB
SECOM,19.10.2023 23:19,19 KB
SECOM,19.10.2023 23:08,19 KB
MAWF,19.10.2023 22:19,19 KB
SECOM,19.10.2023 22:08,19 KB
MAWF,19.10.2023 21:49,19 KB
SECOM,19.10.2023 21:40,33 KB
MAWF,19.10.2023 19:09,33 KB
MAWF,19.10.2023 18:19,19 KB
SECOM,19.10.2023 18:14,19 KB
MAWF,19.10.2023 17:25,19 KB
SECOM,19.10.2023 17:16,19 KB
MAWF,19.10.2023 16:27,33 KB
SECOM,19.10.2023 15:22,19 KB
MAWF,19.10.2023 12:22,19 KB
SECOM,19.10.2023 12:21,19 KB
MAWF,19.10.2023 12:17,19 KB
SECOM,19.10.2023 12:06,19 KB
MAWF,19.10.2023 09:09,33 KB
MAWF,19.10.2023 08:20,19 KB
SECOM,19.10.2023 08:09,19 KB
MAWF,19.10.2023 07:59,19 KB
MAWF,19.10.2023 07:19,19 KB
SECOM,19.10.2023 06:40,19 KB
SECOM,19.10.2023 05:54,19 KB
SECOM,19.10.2023 05:23,19 KB
MAWF,19.10.2023 02:25,19 KB
MAWF,19.10.2023 01:29,19 KB
SECOM,18.10.2023 23:54,19 KB
MAWF,18.10.2023 20:25,33 KB
SECOM,18.10.2023 20:11,20 KB
MAWF,18.10.2023 19:21,19 KB
SECOM,18.10.2023 19:18,19 KB
主旨,18.10.2023 18:39,大小
MAWF,18.10.2023 18:27,33 KB
SECOM,18.10.2023 16:08,33 KB
MAWF,18.10.2023 15:21,19 KB
SECOM,18.10.2023 15:18,19 KB
MAWF,18.10.2023 14:28,19 KB
MAWF,18.10.2023 14:27,33 KB
SECOM,18.10.2023 13:29,19 KB
SECOM,18.10.2023 12:10,33 KB
MAWF,18.10.2023 11:09,19 KB
MAWF,18.10.2023 10:42,19 KB
MAWF,18.10.2023 10:21,33 KB
SECOM,18.10.2023 09:22,19 KB
SECOM,18.10.2023 08:40,19 KB
SECOM,18.10.2023 08:40,33 KB
SECOM,18.10.2023 08:11,33 KB
MAWF,18.10.2023 07:25,19 KB
MAWF,18.10.2023 05:20,19 KB
SECOM,18.10.2023 04:30,19 KB
SECOM,18.10.2023 02:59,19 KB
SECOM,18.10.2023 02:11,19 KB
MAWF,17.10.2023 23:08,19 KB
MAWF,17.10.2023 22:45,19 KB
MAWF,17.10.2023 22:19,33 KB
SECOM,17.10.2023 20:10,19 KB
MAWF,17.10.2023 19:44,19 KB
MAWF,17.10.2023 17:39,19 KB
MAWF,17.10.2023 17:32,19 KB
SECOM,17.10.2023 14:55,19 KB
MAWF,17.10.2023 12:18,19 KB
SECOM,17.10.2023 12:09,19 KB
MAWF,17.10.2023 11:25,19 KB
SECOM,17.10.2023 11:09,19 KB
MAWF,17.10.2023 10:38,19 KB
MAWF,17.10.2023 10:29,33 KB
SECOM,17.10.2023 08:53,19 KB
MAWF,17.10.2023 06:29,19 KB
MAWF,17.10.2023 06:19,19 KB
SECOM,17.10.2023 05:20,19 KB
SECOM,17.10.2023 04:36,19 KB
主旨,17.10.2023 01:21,大小
MAWF,17.10.2023 01:19,19 KB
SECOM,17.10.2023 01:01,19 KB
SECOM,16.10.2023 23:19,19 KB
SECOM,16.10.2023 23:09,19 KB
MAWF,16.10.2023 22:35,19 KB
MAWF,16.10.2023 22:23,33 KB
SECOM,16.10.2023 22:17,19 KB
SECOM,16.10.2023 20:09,19 KB
MAWF,16.10.2023 19:18,19 KB
SECOM,16.10.2023 19:14,19 KB
MAWF,16.10.2023 19:14,19 KB
MAWF,16.10.2023 18:22,19 KB
SECOM,16.10.2023 18:13,19 KB
SECOM,16.10.2023 18:10,19 KB
MAWF,16.10.2023 15:24,33 KB
MAWF,16.10.2023 14:22,19 KB
SECOM,16.10.2023 14:20,19 KB
MAWF,16.10.2023 13:20,33 KB
SECOM,16.10.2023 13:12,19 KB
SECOM,16.10.2023 11:08,19 KB
MAWF,16.10.2023 10:19,19 KB
SECOM,16.10.2023 10:09,19 KB
MAWF,16.10.2023 09:34,19 KB
MAWF,16.10.2023 09:23,33 KB
SECOM,16.10.2023 08:52,19 KB
SECOM,16.10.2023 07:19,33 KB
MAWF,16.10.2023 06:26,19 KB
MAWF,16.10.2023 05:19,19 KB
SECOM,16.10.2023 04:26,19 KB
SECOM,16.10.2023 04:17,19 KB
SECOM,16.10.2023 01:23,33 KB
MAWF,15.10.2023 23:20,33 KB
SECOM,15.10.2023 22:19,19 KB
SECOM,15.10.2023 22:09,19 KB
MAWF,15.10.2023 21:33,19 KB
MAWF,15.10.2023 21:18,33 KB
SECOM,15.10.2023 19:08,33 KB
MAWF,15.10.2023 18:20,19 KB
SECOM,15.10.2023 18:12,19 KB
主旨,15.10.2023 17:25,大小
SECOM,15.10.2023 17:17,19 KB
MAWF,15.10.2023 17:16,33 KB
SECOM,15.10.2023 14:13,19 KB
MAWF,15.10.2023 13:41,19 KB
MAWF,15.10.2023 13:19,33 KB
SECOM,15.10.2023 12:21,19 KB
SECOM,15.10.2023 11:38,19 KB
SECOM,15.10.2023 11:09,19 KB
MAWF,15.10.2023 10:36,19 KB
MAWF,15.10.2023 08:58,33 KB
MAWF,15.10.2023 08:30,19 KB
SECOM,15.10.2023 07:36,19 KB
SECOM,15.10.2023 06:23,19 KB
MAWF,15.10.2023 06:20,19 KB
SECOM,15.10.2023 06:08,19 KB
SECOM,15.10.2023 03:22,19 KB
SECOM,15.10.2023 02:38,19 KB
SECOM,15.10.2023 01:45,19 KB
SECOM,15.10.2023 01:21,19 KB
MAWF,15.10.2023 00:59,19 KB
SECOM,14.10.2023 23:16,19 KB
MAWF,14.10.2023 23:04,19 KB
MAWF,14.10.2023 21:12,33 KB
SECOM,14.10.2023 19:09,19 KB
MAWF,14.10.2023 18:09,19 KB
MAWF,14.10.2023 17:50,19 KB
MAWF,14.10.2023 16:19,19 KB
SECOM,14.10.2023 16:08,19 KB
MAWF,14.10.2023 15:24,19 KB
SECOM,14.10.2023 15:14,19 KB
MAWF,14.10.2023 14:33,19 KB
MAWF,14.10.2023 14:22,19 KB
SECOM,14.10.2023 12:08,19 KB
MAWF,14.10.2023 11:19,19 KB
SECOM,14.10.2023 11:08,19 KB
MAWF,14.10.2023 10:23,19 KB
SECOM,14.10.2023 10:10,19 KB
SECOM,14.10.2023 10:08,19 KB
MAWF,14.10.2023 07:10,33 KB
主旨,14.10.2023 06:57,大小
MAWF,14.10.2023 06:21,19 KB
SECOM,14.10.2023 05:21,19 KB
SECOM,14.10.2023 05:09,20 KB
SECOM,14.10.2023 02:30,19 KB
MAWF,14.10.2023 02:22,19 KB
SECOM,14.10.2023 01:47,19 KB
SECOM,14.10.2023 01:05,19 KB
SECOM,13.10.2023 23:29,33 KB
MAWF,13.10.2023 21:21,33 KB
SECOM,13.10.2023 21:09,19 KB
MAWF,13.10.2023 20:44,19 KB
MAWF,13.10.2023 20:19,33 KB
SECOM,13.10.2023 20:19,20 KB
SECOM,13.10.2023 19:25,19 KB
SECOM,13.10.2023 18:50,19 KB
SECOM,13.10.2023 18:30,19 KB
MAWF,13.10.2023 17:37,19 KB
MAWF,13.10.2023 14:22,33 KB
SECOM,13.10.2023 14:19,19 KB
MAWF,13.10.2023 13:21,19 KB
SECOM,13.10.2023 13:08,20 KB
MAWF,13.10.2023 12:36,20 KB
MAWF,13.10.2023 12:28,33 KB
SECOM,13.10.2023 10:11,33 KB
MAWF,13.10.2023 09:19,19 KB
SECOM,13.10.2023 09:10,19 KB
MAWF,13.10.2023 08:42,19 KB
MAWF,13.10.2023 08:23,33 KB
SECOM,13.10.2023 07:44,19 KB
SECOM,13.10.2023 04:15,19 KB
MAWF,13.10.2023 03:20,33 KB
SECOM,13.10.2023 02:52,19 KB
SECOM,13.10.2023 01:34,19 KB
SECOM,12.10.2023 23:09,33 KB
MAWF,12.10.2023 22:19,19 KB
SECOM,12.10.2023 22:09,19 KB
MAWF,12.10.2023 21:46,19 KB
MAWF,12.10.2023 21:19,33 KB
SECOM,12.10.2023 20:20,19 KB
主旨,12.10.2023 19:53,大小
SECOM,12.10.2023 19:21,33 KB
MAWF,12.10.2023 18:29,19 KB
MAWF,12.10.2023 16:53,33 KB
SECOM,12.10.2023 16:10,19 KB
MAWF,12.10.2023 15:17,19 KB
MAWF,12.10.2023 15:00,19 KB
MAWF,12.10.2023 12:26,19 KB
SECOM,12.10.2023 12:17,19 KB
MAWF,12.10.2023 11:23,19 KB
SECOM,12.10.2023 11:16,19 KB
MAWF,12.10.2023 11:02,19 KB
SECOM,12.10.2023 10:10,19 KB
MAWF,12.10.2023 08:09,19 KB
MAWF,12.10.2023 07:26,19 KB
MAWF,12.10.2023 07:19,19 KB
SECOM,12.10.2023 06:22,19 KB
SECOM,12.10.2023 05:59,19 KB
SECOM,12.10.2023 03:25,33 KB
MAWF,12.10.2023 02:22,19 KB
SECOM,12.10.2023 01:47,19 KB
SECOM,12.10.2023 01:47,19 KB
SECOM,12.10.2023 01:05,19 KB
MAWF,12.10.2023 00:42,33 KB
SECOM,11.10.2023 22:08,33 KB
MAWF,11.10.2023 21:19,19 KB
SECOM,11.10.2023 21:08,19 KB
MAWF,11.10.2023 20:46,19 KB
MAWF,11.10.2023 20:21,33 KB
SECOM,11.10.2023 16:16,19 KB
MAWF,11.10.2023 16:58,19 KB
SECOM,11.10.2023 18:20,19 KB
MAWF,11.10.2023 17:18,19 KB
MAWF,11.10.2023 19:31,19 KB
SECOM,11.10.2023 13:20,19 KB
MAWF,11.10.2023 13:18,19 KB
SECOM,11.10.2023 12:51,19 KB
MAWF,11.10.2023 12:19,33 KB
SECOM,11.10.2023 11:23,19 KB
SECOM,11.10.2023 10:37,19 KB
主旨,11.10.2023 10:11,大小
MAWF,11.10.2023 09:14,19 KB
MAWF,11.10.2023 07:19,19 KB
SECOM,11.10.2023 07:08,19 KB
MAWF,11.10.2023 06:22,19 KB
SECOM,11.10.2023 06:09,19 KB
MAWF,11.10.2023 05:21,19 KB
MAWF,11.10.2023 05:19,19 KB
SECOM,11.10.2023 02:25,19 KB
SECOM,11.10.2023 02:20,19 KB
MAWF,11.10.2023 01:54,19 KB
SECOM,11.10.2023 01:02,19 KB
SECOM,10.10.2023 23:29,33 KB
MAWF,10.10.2023 21:19,33 KB
SECOM,10.10.2023 21:08,19 KB
MAWF,10.10.2023 20:19,19 KB
SECOM,10.10.2023 20:08,19 KB
MAWF,10.10.2023 19:53,19 KB
MAWF,10.10.2023 19:22,33 KB
SECOM,10.10.2023 19:04,19 KB
SECOM,10.10.2023 17:48,19 KB
MAWF,10.10.2023 15:21,19 KB
MAWF,10.10.2023 15:20,19 KB
SECOM,10.10.2023 14:30,19 KB
SECOM,10.10.2023 13:42,19 KB
SECOM,10.10.2023 13:13,33 KB
MAWF,10.10.2023 12:18,19 KB
MAWF,10.10.2023 11:08,19 KB
MAWF,10.10.2023 10:21,19 KB
SECOM,10.10.2023 10:09,19 KB
MAWF,10.10.2023 10:06,19 KB
MAWF,10.10.2023 09:18,33 KB
SECOM,10.10.2023 09:01,19 KB
MAWF,10.10.2023 08:22,19 KB
SECOM,10.10.2023 07:38,19 KB
SECOM,10.10.2023 06:23,19 KB
MAWF,10.10.2023 06:21,19 KB
SECOM,10.10.2023 03:27,19 KB
SECOM,10.10.2023 03:27,19 KB
MAWF,10.10.2023 02:42,19 KB
主旨,10.10.2023 02:14,大小
SECOM,10.10.2023 00:45,19 KB
MAWF,09.10.2023 21:19,33 KB
SECOM,09.10.2023 21:08,19 KB
MAWF,09.10.2023 20:20,19 KB
SECOM,09.10.2023 20:08,19 KB
MAWF,09.10.2023 19:35,19 KB
MAWF,09.10.2023 19:23,33 KB
SECOM,09.10.2023 17:12,33 KB
MAWF,09.10.2023 16:19,19 KB
SECOM,09.10.2023 16:08,19 KB
MAWF,09.10.2023 15:24,19 KB
SECOM,09.10.2023 15:22,19 KB
MAWF,09.10.2023 14:33,33 KB
SECOM,09.10.2023 13:18,33 KB
MAWF,09.10.2023 12:08,19 KB
MAWF,09.10.2023 11:19,19 KB
MAWF,09.10.2023 11:19,19 KB
SECOM,09.10.2023 10:27,19 KB
SECOM,09.10.2023 09:21,19 KB
SECOM,09.10.2023 09:09,19 KB
MAWF,09.10.2023 09:04,19 KB
MAWF,09.10.2023 06:57,19 KB
MAWF,09.10.2023 05:22,19 KB
SECOM,09.10.2023 04:41,19 KB
SECOM,09.10.2023 04:08,19 KB
SECOM,09.10.2023 03:52,19 KB
MAWF,09.10.2023 02:51,19 KB
SECOM,09.10.2023 01:05,33 KB
MAWF,08.10.2023 22:18,33 KB
SECOM,08.10.2023 22:08,19 KB
MAWF,08.10.2023 21:21,19 KB
SECOM,08.10.2023 21:08,19 KB
MAWF,08.10.2023 20:44,19 KB
SECOM,08.10.2023 20:11,19 KB
MAWF,08.10.2023 19:29,19 KB
MAWF,08.10.2023 16:20,33 KB
SECOM,08.10.2023 16:08,19 KB
MAWF,08.10.2023 15:24,19 KB
SECOM,08.10.2023 15:10,19 KB
主旨,08.10.2023 14:46,大小
MAWF,08.10.2023 14:33,33 KB
SECOM,08.10.2023 12:12,33 KB
MAWF,08.10.2023 11:18,19 KB
SECOM,08.10.2023 11:08,19 KB
MAWF,08.10.2023 10:26,19 KB
MAWF,08.10.2023 10:24,33 KB
SECOM,08.10.2023 09:48,19 KB
SECOM,08.10.2023 08:09,19 KB
MAWF,08.10.2023 07:10,19 KB
MAWF,08.10.2023 06:27,19 KB
MAWF,08.10.2023 06:22,19 KB
SECOM,08.10.2023 05:21,19 KB
SECOM,08.10.2023 04:40,19 KB
SECOM,08.10.2023 01:19,19 KB
SECOM,08.10.2023 01:15,19 KB
MAWF,08.10.2023 00:58,19 KB
SECOM,07.10.2023 23:19,19 KB
SECOM,07.10.2023 23:08,19 KB
MAWF,07.10.2023 22:38,19 KB
MAWF,07.10.2023 22:20,33 KB
SECOM,07.10.2023 20:08,19 KB
MAWF,07.10.2023 19:18,19 KB
SECOM,07.10.2023 19:11,19 KB
MAWF,07.10.2023 18:22,19 KB
SECOM,07.10.2023 18:14,19 KB
SECOM,07.10.2023 18:09,19 KB
MAWF,07.10.2023 15:18,33 KB
MAWF,07.10.2023 14:23,19 KB
SECOM,07.10.2023 14:20,19 KB
MAWF,07.10.2023 13:23,19 KB
SECOM,07.10.2023 12:46,19 KB
SECOM,07.10.2023 12:09,33 KB
MAWF,07.10.2023 11:26,19 KB
MAWF,07.10.2023 09:53,33 KB
MAWF,07.10.2023 09:19,19 KB
SECOM,07.10.2023 08:38,19 KB
SECOM,07.10.2023 07:23,19 KB
MAWF,07.10.2023 07:22,19 KB
SECOM,07.10.2023 06:39,19 KB
主旨,07.10.2023 04:10,大小
MAWF,07.10.2023 02:22,33 KB
SECOM,07.10.2023 01:41,19 KB
SECOM,07.10.2023 01:15,19 KB
SECOM,06.10.2023 23:09,19 KB
MAWF,06.10.2023 22:21,19 KB
SECOM,06.10.2023 22:09,19 KB
MAWF,06.10.2023 21:25,19 KB
SECOM,06.10.2023 21:08,19 KB
MAWF,06.10.2023 20:50,19 KB
SECOM,06.10.2023 20:17,19 KB
MAWF,06.10.2023 19:30,19 KB
MAWF,06.10.2023 16:20,33 KB
SECOM,06.10.2023 16:12,19 KB
MAWF,06.10.2023 15:21,19 KB
SECOM,06.10.2023 15:09,19 KB
MAWF,06.10.2023 14:51,19 KB
MAWF,06.10.2023 14:18,19 KB
SECOM,06.10.2023 12:21,19 KB
SECOM,06.10.2023 12:18,19 KB
MAWF,06.10.2023 11:36,19 KB
MAWF,06.10.2023 11:21,33 KB
SECOM,06.10.2023 09:08,19 KB
MAWF,06.10.2023 08:20,19 KB
SECOM,06.10.2023 08:09,19 KB
MAWF,06.10.2023 07:58,19 KB
MAWF,06.10.2023 07:58,19 KB
MAWF,06.10.2023 07:19,19 KB
SECOM,06.10.2023 06:38,19 KB
SECOM,06.10.2023 05:26,19 KB
SECOM,06.10.2023 05:20,19 KB
MAWF,06.10.2023 02:37,19 KB
MAWF,06.10.2023 02:21,19 KB
SECOM,06.10.2023 02:02,19 KB
SECOM,06.10.2023 01:08,19 KB
SECOM,05.10.2023 23:10,33 KB
MAWF,05.10.2023 22:23,19 KB
MAWF,05.10.2023 21:47,19 KB
SECOM,05.10.2023 20:21,19 KB
SECOM,05.10.2023 20:10,19 KB
主旨,05.10.2023 20:02,大小
SECOM,05.10.2023 19:11,33 KB
MAWF,05.10.2023 18:29,19 KB
MAWF,05.10.2023 16:57,33 KB
MAWF,05.10.2023 16:21,19 KB
SECOM,05.10.2023 15:36,19 KB
SECOM,05.10.2023 14:29,19 KB
SECOM,05.10.2023 14:22,19 KB
MAWF,05.10.2023 14:06,19 KB
SECOM,05.10.2023 14:04,19 KB
MAWF,05.10.2023 11:09,33 KB
MAWF,05.10.2023 10:33,19 KB
MAWF,05.10.2023 10:20,33 KB
SECOM,05.10.2023 09:20,19 KB
SECOM,05.10.2023 08:52,19 KB
MAWF,05.10.2023 08:33,19 KB
SECOM,05.10.2023 07:40,19 KB
SECOM,05.10.2023 06:21,19 KB
MAWF,05.10.2023 03:55,19 KB
MAWF,05.10.2023 03:53,19 KB
SECOM,04.10.2023 23:38,19 KB
SECOM,04.10.2023 23:10,19 KB
MAWF,04.10.2023 22:10,19 KB
MAWF,04.10.2023 21:27,19 KB
MAWF,04.10.2023 18:19,19 KB
SECOM,04.10.2023 18:17,19 KB
MAWF,04.10.2023 17:31,19 KB
SECOM,04.10.2023 17:19,19 KB
MAWF,04.10.2023 16:39,19 KB
MAWF,04.10.2023 16:29,19 KB
SECOM,04.10.2023 13:09,19 KB
MAWF,04.10.2023 12:11,19 KB
MAWF,04.10.2023 11:45,19 KB
SECOM,04.10.2023 11:39,19 KB
MAWF,04.10.2023 08:50,33 KB
MAWF,04.10.2023 07:31,19 KB
SECOM,04.10.2023 07:02,19 KB
MAWF,04.10.2023 03:15,19 KB
SECOM,04.10.2023 02:21,19 KB
MAWF,03.10.2023 23:09,19 KB
主旨,03.10.2023 22:23,大小
SECOM,03.10.2023 22:12,19 KB
MAWF,03.10.2023 20:48,19 KB
MAWF,03.10.2023 19:30,19 KB
MAWF,03.10.2023 18:17,19 KB
MAWF,03.10.2023 18:12,19 KB
SECOM,03.10.2023 15:23,19 KB
SECOM,03.10.2023 14:20,31 KB
MAWF,03.10.2023 08:22,45 KB
SECOM,03.10.2023 08:09,19 KB
MAWF,03.10.2023 07:29,19 KB
SECOM,03.10.2023 07:09,19 KB
MAWF,03.10.2023 06:22,19 KB
MAWF,03.10.2023 06:19,19 KB
SECOM,03.10.2023 03:31,19 KB
MAWF,03.10.2023 03:19,19 KB
SECOM,03.10.2023 02:42,19 KB
SECOM,03.10.2023 02:08,19 KB
SECOM,03.10.2023 00:55,19 KB
MAWF,02.10.2023 22:19,32 KB
SECOM,02.10.2023 22:08,19 KB
MAWF,02.10.2023 21:44,19 KB
MAWF,02.10.2023 21:19,32 KB
SECOM,02.10.2023 20:21,19 KB
SECOM,02.10.2023 19:44,19 KB
SECOM,02.10.2023 19:13,32 KB
MAWF,02.10.2023 18:31,19 KB
MAWF,02.10.2023 17:03,32 KB
SECOM,02.10.2023 16:09,19 KB
MAWF,02.10.2023 15:14,19 KB
MAWF,02.10.2023 15:01,19 KB
MAWF,02.10.2023 12:24,32 KB
SECOM,02.10.2023 12:08,19 KB
MAWF,02.10.2023 11:21,19 KB
SECOM,02.10.2023 11:08,19 KB
MAWF,02.10.2023 10:41,19 KB
MAWF,02.10.2023 10:22,32 KB
SECOM,02.10.2023 10:12,19 KB
SECOM,02.10.2023 08:10,32 KB
MAWF,02.10.2023 07:13,19 KB
主旨,02.10.2023 06:21,大小
SECOM,02.10.2023 05:18,19 KB
SECOM,02.10.2023 04:43,19 KB
SECOM,02.10.2023 03:56,19 KB
SECOM,02.10.2023 03:53,19 KB
MAWF,01.10.2023 23:22,19 KB
SECOM,01.10.2023 23:08,19 KB
MAWF,01.10.2023 22:21,19 KB
SECOM,01.10.2023 22:08,19 KB
MAWF,01.10.2023 21:54,19 KB
SECOM,01.10.2023 21:54,19 KB
MAWF,01.10.2023 19:08,19 KB
MAWF,01.10.2023 18:10,19 KB
MAWF,01.10.2023 17:41,19 KB
MAWF,01.10.2023 17:20,32 KB
SECOM,01.10.2023 16:20,19 KB
SECOM,01.10.2023 15:23,19 KB
SECOM,01.10.2023 15:14,19 KB
MAWF,01.10.2023 14:22,19 KB
MAWF,01.10.2023 12:23,19 KB
SECOM,01.10.2023 12:08,19 KB
MAWF,01.10.2023 11:18,19 KB
SECOM,01.10.2023 11:08,19 KB
MAWF,01.10.2023 10:29,19 KB
SECOM,01.10.2023 10:25,19 KB
MAWF,01.10.2023 09:57,19 KB
SECOM,01.10.2023 08:10,19 KB
MAWF,01.10.2023 07:13,19 KB
MAWF,01.10.2023 06:21,19 KB
SECOM,01.10.2023 05:20,19 KB
SECOM,01.10.2023 04:38,19 KB
MAWF,01.10.2023 04:32,19 KB
SECOM,01.10.2023 01:28,19 KB
SECOM,01.10.2023 00:38,19 KB
SECOM,01.10.2023 00:31,19 KB
MAWF,30.09.2023 23:21,19 KB
SECOM,30.09.2023 22:53,19 KB
SECOM,30.09.2023 21:09,32 KB
MAWF,30.09.2023 20:10,19 KB
MAWF,30.09.2023 19:15,19 KB
主旨,30.09.2023 18:21,大小
SECOM,30.09.2023 17:21,19 KB
SECOM,30.09.2023 16:47,19 KB
SECOM,30.09.2023 16:15,19 KB
MAWF,30.09.2023 15:37,19 KB
MAWF,30.09.2023 12:25,32 KB
SECOM,30.09.2023 12:08,19 KB
MAWF,30.09.2023 11:21,19 KB
SECOM,30.09.2023 11:08,19 KB
MAWF,30.09.2023 10:35,19 KB
MAWF,30.09.2023 10:19,32 KB
SECOM,30.09.2023 08:50,19 KB
MAWF,30.09.2023 06:21,19 KB
SECOM,30.09.2023 06:14,19 KB
MAWF,30.09.2023 05:20,19 KB
SECOM,30.09.2023 04:23,19 KB
SECOM,30.09.2023 04:17,19 KB
SECOM,30.09.2023 02:03,19 KB
MAWF,30.09.2023 01:17,19 KB
SECOM,29.09.2023 23:10,19 KB
MAWF,29.09.2023 22:59,19 KB
MAWF,29.09.2023 20:19,19 KB
SECOM,29.09.2023 20:08,19 KB
MAWF,29.09.2023 19:21,19 KB
SECOM,29.09.2023 19:08,19 KB
MAWF,29.09.2023 18:49,19 KB
MAWF,29.09.2023 18:36,32 KB
SECOM,29.09.2023 16:08,32 KB
MAWF,29.09.2023 16:08,19 KB
MAWF,29.09.2023 15:19,19 KB
SECOM,29.09.2023 15:16,19 KB
MAWF,29.09.2023 14:24,19 KB
SECOM,29.09.2023 14:15,19 KB
MAWF,29.09.2023 14:07,32 KB
SECOM,29.09.2023 11:08,19 KB
MAWF,29.09.2023 10:20,19 KB
MAWF,29.09.2023 10:19,19 KB
SECOM,29.09.2023 09:30,19 KB
SECOM,29.09.2023 08:47,19 KB
SECOM,29.09.2023 08:09,19 KB
主旨,29.09.2023 07:53,大小
MAWF,29.09.2023 05:49,19 KB
MAWF,29.09.2023 05:19,19 KB
SECOM,29.09.2023 04:23,19 KB
SECOM,29.09.2023 04:15,19 KB
SECOM,29.09.2023 01:43,19 KB
MAWF,29.09.2023 01:19,19 KB
SECOM,29.09.2023 00:51,19 KB
SECOM,28.09.2023 23:59,19 KB
SECOM,28.09.2023 23:12,19 KB
MAWF,28.09.2023 22:29,19 KB
MAWF,28.09.2023 19:21,32 KB
SECOM,28.09.2023 19:08,19 KB
MAWF,28.09.2023 18:21,19 KB
SECOM,28.09.2023 18:14,19 KB
MAWF,28.09.2023 17:39,19 KB
SECOM,28.09.2023 17:25,32 KB
MAWF,28.09.2023 15:09,32 KB
MAWF,28.09.2023 14:19,19 KB
SECOM,28.09.2023 14:09,19 KB
MAWF,28.09.2023 13:48,19 KB
MAWF,28.09.2023 13:20,32 KB
SECOM,28.09.2023 12:26,19 KB
SECOM,28.09.2023 11:48,19 KB
SECOM,28.09.2023 11:21,19 KB
MAWF,28.09.2023 10:41,19 KB
MAWF,28.09.2023 08:21,32 KB
SECOM,28.09.2023 08:08,19 KB
MAWF,28.09.2023 07:45,19 KB
MAWF,28.09.2023 07:21,32 KB
SECOM,28.09.2023 06:19,19 KB
SECOM,28.09.2023 05:47,19 KB
SECOM,28.09.2023 05:24,32 KB
MAWF,28.09.2023 04:59,34 KB
MAWF,28.09.2023 03:53,19 KB
SECOM,28.09.2023 02:10,19 KB
MAWF,27.09.2023 23:24,19 KB
SECOM,27.09.2023 23:18,19 KB
MAWF,27.09.2023 23:11,19 KB
SECOM,27.09.2023 20:09,32 KB
